<settings>
    <setting id="V_config"          value="/storage/.kodi/userdata/addon_data/docker.linuxserver.transmission/config" />
    <setting id="V_downloads"       value="/storage/downloads/downloadclient-downloads" />
    <setting id="V_watch"           value="/storage/downloads/downloadclient-downloads/watch" />
    <setting id="P_port"            value="9091" />
    <setting id="P_port2"           value="51413" />
    <setting id="E_manual_uid"      value="false" />
    <setting id="E_PUID"            value="65534" />
    <setting id="E_PGID"            value="100" />
</settings>
